species,url,image,size,url_l,url_s,specific,note,care,img_1,img_2,img_3
Rottweiler,https://www.pedigree.co.th/dog-breeds/rottweiler,"https://www.pedigree.co.th/cdn-cgi/image/format=auto,q=90/sites/g/files/fnmzdf3521/files/2022-07/rotweiller.jpg",ใหญ่,https://www.pedigree.co.th/our-products/adult-large-dog-food,https://www.pedigree.co.th/our-products/puppy-large-dog-food,บุคลิกของร็อตไวเลอร์มักปรากฏในภาพยนตร์และในสื่อว่าก้าวร้าวหรืออันตราย ซึ่งไม่แตกต่างมากนักในชีวิตจริง แม้ว่าสุนัขจะแข็งแกร่ง ทรงพลัง และสามารถฝึกให้จัดการกับอาชญากรได้หากต้องการ แต่โดยทั่วไปแล้ว สุนัขค่อนข้างอ่อนไหวง่าย ด้วยการเลี้ยงดูอย่างถูกต้องจากเจ้าของที่มีประสบการณ์ สุนัขจะเป็นสุนัขที่เชื่อง เชื่อฟัง และอ่อนโยนมาก แล้วจะกลายเป็นเพื่อนที่ซื่อสัตย์อย่างรวดเร็ว,ข้อควรทราบประการหนึ่งของร็อตไวเลอร์ คือสุนัขต้องการการออกกำลังกายสูงมาก ตามหลักการแล้ว สุนัขควรออกกำลังกายอย่างน้อยสองชั่วโมงทุกวัน ถูกต้องแล้ว อย่างน้อยสองชั่วโมง ตราบใดที่สุนัขได้รับการออกกำลังกายตามนี้ พร้อมกับการฝึกและการเข้าสังคมที่ถูกต้อง สุนัขจะกลายมาเป็นสมาชิกคนสำคัญในครอบครัวของคุณอย่างแน่นอน,เนื่องจากร็อตไวเลอร์โตเต็มวัยเป็นสุนัขที่มีกล้ามเนื้อและแข็งแรงมาก สุนัขจึงต้องการการออกกำลังกายสูงและการมีปฏิสัมพันธ์ที่ดีเพื่อให้สุนัขอยู่ในสภาวะที่ดีที่สุด ทั้งทางร่างกายและจิตใจ โดยสุนัขจะต้องออกกำลังกายอย่างน้อยสองชั่วโมงในแต่ละวัน เพื่อช่วยเผาผลาญพลังงานส่วนเกินและเพื่อสภาวะจิตใจที่สงบ ตามหลักการแล้ว สุนัขยังจะได้ประโยชน์จากพื้นที่กว้างที่ปลอดภัย เพื่อให้สุนัขได้ปลดปล่อยพลังงานออกมาอย่างเต็มที่ เนื่องจากร็อตไวเลอร์มีความขี้เล่นเหมือนเป็นลูกสุนัขเสมอแม้โตเต็มที่แล้ว สุนัขจะชอบเล่นเกมในสวนเช่นกัน และยังสนุกกับการว่ายน้ำด้วย หากมีพื้นที่ที่ปลอดภัย,./Image_col/rotwiler/rot1.jpg,./Image_col/rotwiler/rot_grow.jpg,./Image_col/rotwiler/rot_puppy.jpg
 Collie,https://www.pedigree.co.th/dog-breeds/collie,"https://www.pedigree.co.th/cdn-cgi/image/format=auto,q=90/sites/g/files/fnmzdf3521/files/2022-04/large_5a8d4d9f-b753-4184-9825-9df958c84375.jpg",กลาง,https://www.pedigree.co.th/our-products/adult-medium-dog-food,https://www.pedigree.co.th/our-products/puppy-medium-dog-food,คอลลี่ รัฟเป็นสุนัขที่เข้ากับคนง่ายโดยธรรมชาติและง่ายต่อการฝึกฝน ทำให้พวกมันเป็นสัตว์เลี้ยงประจำครอบครัวที่ยอดเยี่ยม แต่สุนัขสายพันธุ์นี้เหมาะกับเจ้าของที่ไม่ชอบอยู่นิ่งมากกว่า เพราะมีความต้องการในการออกกำลังกายสูง,เจ้าของที่เหมาะสม,ไม่ว่าจะเป็นคอลลี่ที่มีขนยาว หรือขนสั้น ก็จำเป็นต้องแปรงอย่างน้อยสัปดาห์ละครั้ง การออกกำลังกายเป็นสิ่งจำเป็น,./Image_col/collie/collie.jpg,./Image_col/collie/collie_grow.jpg,./Image_col/collie/collie_puppy.jpg
golden_retriever,https://www.pedigree.co.th/dog-breeds/golden-retriever,"https://www.pedigree.co.th/cdn-cgi/image/format=auto,q=90/sites/g/files/fnmzdf3521/files/2022-04/large_afc2fa4a-40a7-4e3d-bb2c-d605117ed0bd.jpg",ใหญ่,https://www.pedigree.co.th/our-products/adult-large-dog-food,https://www.pedigree.co.th/our-products/puppy-large-dog-food,กล่าวกันว่า สุนัขยังคงคุณสมบัติบางอย่างจากอดีตแห่งการเป็นสุนัขล่าสัตว์ โกลเด้น รีทรีฟเวอร์เป็นที่รู้จักในด้านความสามารถในการเล่นกีฬาและการทำงานที่ยอดเยี่ยม อีกทั้งยังเก่งในการแกะรอยติดตามด้วย ด้วยเหตุนี้ ทีมค้นหาและกู้ภัยจึงมักใช้สุนัขสายพันธุ์นี้ในการตามล่าผู้สูญหาย ในเวลาเดียวกัน อุปนิสัยที่อ่อนโยนของสุนัขทำให้เหมาะกับการทำหน้าที่เป็นสุนัขนำทางสำหรับคนตาบอดหรือผู้พิการทางสายตา นอกจากนี้ สุนัขสายพันธุ์นี้ยังเป็นสุนัขบำบัดที่ดีเช่นกัน,สุนัขพันธุ์โกลเด้น รีทรีฟเวอร์มีสุขภาพโดยรวมแข็งแรงดี แต่มีแนวโน้มจะข้อสะโพกเสื่อม และมีโอกาสเป็นมะเร็งสูงกว่าสายพันธุ์อื่น รวมถึงอาจพบปัญหาเหล่านี้ ข้อศอกเสื่อม ภาวะต้อกระจก จอประสาทตาเสื่อม โรคไฮโปไทรอยด์ โรคภูมิแพ้ และภาวะท้องอืด ทั้งนี้ควรตรวจเช็กหูและแปรงฟันให้พวกเค้าเป็นประจำ เพื่อรักษาสุขภาพโดยรวม,ในฐานะอดีตสุนัขล่าสัตว์ โกลเด้น รีทรีฟเวอร์ต้องการการออกกำลังกายนอกบ้านอย่างมาก ดังนั้นสุนัขโตเต็มวัยควรได้รับการออกกำลังกายอย่างน้อยหนึ่งชั่วโมงต่อวัน แต่ควรมากกว่าสองชั่วโมงขึ้นไป หากสุนัขไม่ได้ออกกำลังกายเพียงพอ โกลเด้น รีทรีฟเวอร์อาจทำตัววุ่นวายเล็กน้อย ดังนั้นการเดินหรือวิ่งนานๆ จะช่วยให้สุนัขเผาผลาญพลังงานส่วนเกินได้ ในทางกลับกันในบางครั้ง สุนัขบางตัวอาจชื่นชอบที่จะได้นอนนิ่งๆ บนที่นอนอย่างมีความสุข ซึ่งอาจนำไปสู่การมีน้ำหนักมากเกินไป ดังนั้นการออกกำลังกายจึงเป็นสิ่งสำคัญทุกโอกาส,./Image_col/golden_retriever/golden.jpg,./Image_col/golden_retriever/golden_grow.jpg,./Image_col/golden_retriever/golden_pupy.jpg
standard_schnauzer,https://www.pedigree.co.th/dog-breeds/schnauzer,"https://www.pedigree.co.th/cdn-cgi/image/format=auto,q=90/sites/g/files/fnmzdf3521/files/2022-04/large_5878dd85-86d0-4aa6-b3c8-0dd8f3f76ed9.jpg",กลาง,https://www.pedigree.co.th/our-products/adult-medium-dog-food,https://www.pedigree.co.th/our-products/puppy-medium-dog-food,สุนัขพันธุ์มินิเอเจอร์ ชเนาเซอร์ เป็นสุนัขที่ฉลาด กระฉับกระเฉง ว่องไว ขี้เล่น มีความอยากรู้อยากเห็น ชอบเห่า รักเจ้าของ และ เป็นสุนัขที่มีความตื่นตัวไวมาก เมื่อได้ยินเสียงจากระยะไกลๆ เป็นความสามารถพิเศษที่สุนัขสายพันธุ์อื่นไม่มี ทำให้สามารถเตือนเจ้าของถึงภัยอันตรายได้,"ควรหลีกเลี่ยงอาหารที่มีเมล็ดธัญพืช (Grain filters) เป็นองค์ประกอบ เช่น ถั่วเหลือง (Soy), ข้าวโพด (Corn), และข้าวสาลี (Wheat) เพราะจะทำให้ย่อยยาก และเกิดการแพ้อาหารได้","สุนัขพันธุ์มินิเอเจอร์ ชเนาเซอร์ เป็นสุนัขพันธุ์เล็กที่มีพลังงานปานกลาง จำเป็นต้องออกกำลังกายเป็นประจำทุกวัน ประมาณ 20-40 นาทีต่อวัน เช่น การให้สุนัขเดินเร็ว หรือพาสุนัขเล่นกิจกรรม จะทำให้สุนัขมีพฤติกรรมที่ดีขึ้น และสุขภาพแข็งแรง และ  ไม่จำเป็นต้องกินอาหารเฉพาะอย่างใดอย่างหนึ่งเหมือนสายพันธุ์อื่น เพียงให้อาหารที่มีคุณภาพ ซึ่งประกอบด้วย โปรตีน (Protein), ผัก (Vegetables), และไขมัน (Fats) ",./Image_col/standard_schnauzer/shanau.jpg,./Image_col/standard_schnauzer/shanua_grow.jpg,./Image_col/standard_schnauzer/shanau2.jpg
Chihuahua,https://www.pedigree.co.th/dog-breeds/chihuahua,"https://www.pedigree.co.th/cdn-cgi/image/format=auto,q=90/sites/g/files/fnmzdf3521/files/2022-04/large_e6bfdad9-6951-407b-a11f-bbd0c25bd796.jpg",เล็ก,https://www.pedigree.co.th/our-products/adult-small-dog-food,https://www.pedigree.co.th/our-products/puppy-small-dog-food,"""เพื่อนที่ดีที่สุด"" เป็นวลีที่เหมาะสำหรับคำอธิบายเกี่ยวกับชิวาวาพันธุ์ขนยาว สุนัขคู่กายในอุดมคติ เรื่องความซื่อสัตย์ต้องยกให้สายพันธุ์นี้ที่ผูกมิตรอย่างง่ายดาย แต่จะตื่นตัวตลอดเวลาซึ่งเป็นสิ่งที่เจ้าของกังวล การเห่าคนแปลกหน้าอาจเกิดขึ้นกับชิวาวา แต่ไม่น่ากังวลนัก เพราะไม่นานสุนัขเหล่านี้จะหันเหความสนใจไปยังกิจกรรมที่ไม่มีหยุดนิ่งอื่นๆ เวลาเล่นคือทุกเวลาตามความเห็นของสุนัขเหล่านี้!",เมื่อพูดถึงสุนัข เรามักได้รับคำแนะนำให้คอยระวังเด็กเพราะกลัวว่าอาจถูกสุนัขทำร้ายโดยไม่เจตนา แต่เนื่องจากสายพันธุ์นี้มีขนาดเล็กมาก เด็กๆ จึงเป็นฝ่ายที่อาจทำร้ายชิวาวาโดยไม่ตั้งใจ สุนัขเหล่านี้อาจเปราะบาง ดังนั้นจึงควรเฝ้าระวัง การเล่นในบ้านเหมาะสมเช่นเดียวกับสวนสาธารณะสำหรับสุนัขพันธุ์เล็ก การกระตุ้นทางสมองเป็นสิ่งที่ดีสำหรับสายพันธุ์ชิวาวา และเกมเป็นงานอดิเรกที่ดีอย่างยิ่งเช่นกัน,ชิวาวาพันธุ์ขนยาวต้องการการออกกำลังกายระดับปานกลางเพื่อสุขภาพที่ดี การเดินระยะทางสั้นๆ ประมาณ 2-3 ช่วงตึกจะช่วยให้สุนัขมีสุขภาพดี ชิวาวามีอายุขัยยืนยาว ดังนั้น ควรทำให้สุนัขมีสภาพร่างกายแข็งแรงตลอดระยะเวลาเหล่านั้นด้วยกิจกรรมที่เหมาะสม เช่น การเล่นง่ายๆ ในบ้าน และเกมคาบของสนุกๆ,./Image_col/chihuahua/chihuahua1.jpg,./Image_col/chihuahua/chihuahua2.jpg,./Image_col/chihuahua/chihuahua3.jpg
Shih-Tzu,https://www.pedigree.co.th/dog-breeds/shih-tzu,"https://www.pedigree.co.th/cdn-cgi/image/format=auto,q=90/sites/g/files/fnmzdf3521/files/2022-04/large_24321280-e141-4ae6-831c-a916cd6a4fbb.jpg",เล็ก,https://www.pedigree.co.th/our-products/adult-small-dog-food,https://www.pedigree.co.th/our-products/puppy-small-dog-food,แน่นอนว่าสายพันธุ์ที่ร่าเริงนี้มีเสน่ห์แบบพิเศษ ด้วยอุปนิสัยที่ซื่อสัตย์ ขี้อ้อน และอ่อนโยน ชิห์สุยังมีความฉลาดทางธรรมชาติเช่นกัน นอกจากนี้ สุนัขยังมีรูปลักษณ์คล้ายสิงโตที่ดูสง่างามด้วย,เนื่องจากรูปร่างของศีรษะ ใบหน้า และทางเดินหายใจของสุนัขมีลักษณะสั้นแบน ชิห์สุจึงถูกเรียกว่าสายพันธุ์ ‘หน้าสั้น’ ซึ่งหมายความว่าสุนัขมีปัญหาการหายใจลำบากได้ง่าย และในบางกรณีอาจเป็นลมด้วย ดังนั้น ควรหลีกเลี่ยงอย่าให้ชิห์สุออกกำลังกายหนักเกินไป อีกทั้งยังหมายความว่าสุนัขมีความสามารถในการทนต่อความร้อนได้ไม่ดี เมื่อควบคู่ไปกับขนที่หนาของสุนัข ทำให้ชิห์สุรับมือกับอากาศร้อนได้ไม่ดีเลย ด้วยเหตุนี้ หากต้องการนำสุนัขไปเดินเล่นในช่วงฤดูร้อน,ชิห์สุก็ยังเป็นสุนัขตัวน้อยที่ไม่ชอบอยู่นิ่ง อีกทั้งยังชอบเข้าสังคมด้วย ดังนั้น ชิห์สุจะได้รับประโยชน์จากการเดินระยะสั้นๆ วันละสองถึงสามครั้ง เพื่อให้สุนัขมีหุ่นดี มีสุขภาพดี และมีสุขภาพจิตที่ดีด้วย แค่ระวังสุนัขตัวใหญ่กว่าตัวอื่นที่อาจดูน่ากลัวกว่าที่คิด เพื่อปกป้องสุนัขชิห์สุของคุณเอง,./Image_col/shit-shu/green.jpg,./Image_col/shit-shu/yellow.jpg,./Image_col/shit-shu/red.jpg
chow,https://www.pedigree.co.th/dog-breeds/chow-chow,"https://www.pedigree.co.th/cdn-cgi/image/format=auto,q=90/sites/g/files/fnmzdf3521/files/2022-04/large_376a9f86-1dc2-4f59-982a-50051be617d7.jpg",ใหญ่,https://www.pedigree.co.th/our-products/adult-large-dog-food,https://www.pedigree.co.th/our-products/puppy-large-dog-food,สุนัขสายพันธุ์นี้มีความนิ่ง เหมาะสำหรับเฝ้าบ้าน นอกจากนี้ยังมีลักษณะเฉพาะ ซึ่งหนึ่งในนั้นคือรูปลักษณ์คล้ายสิงโตและท่าทางการเดินที่มั่นใจ สายพันธุ์นี้มีลักษณะขนอยู่สองประเภท ขนที่ยาวกว่าแต่หยาบและขนที่สั้นกว่าแต่เรียบ เชาเชามีนิสัยรักอิสระ แต่ยังซื่อสัตย์กับเจ้าของมาก สุนัขพันธุ์นี้จะระแวงคนแปลกหน้าและอาจดูสงบเสงี่ยมต่อหน้าคนที่ไม่รู้จัก,สุขภาพโดยรวมของเชา เชาค่อนข้างดี แต่ก็มีโอกาสเสี่ยงต่อโรคบางประเภทเหมือนสุนัขสายพันธุ์อื่น ไม่ว่าจะเป็นโรคเปลือกตาม้วนเข้าข้างใน โรคข้อศอกและข้อสะโพกเจริญผิดปกติ รวมถึงโรคกระเพาะอาหารขยายและบิดหมุน โดยภายในท้องจะเต็มไปด้วยอากาศ ซึ่งส่งผลกระทบต่อการไหลเวียนของเลือด และทำให้สุนัขเกิดอาการช็อก ถือเป็นโรคที่มีความเสี่ยงในการเสียชีวิตสูง,เชา เชา ไม่ใช่สุนัขพลังงานเยอะ จึงไม่จำเป็นต้องออกกำลังกายหนัก การเดินเล่นวันละ 15 นาทีก็เพียงพอแล้วสำหรับเชา เชา ทั้งนี้ควรเลือกช่วงเวลาที่แดดไม่ร้อนจนเกินไป ในวันที่อากาศร้อนมาก แนะนำให้ทำกิจกรรมในบ้านแทน,./Image_col/chow chow/chow.jpg,./Image_col/chow chow/chow_grow.jpg,./Image_col/chow chow/chow_pup.jpg
Samoyed,https://www.pedigree.co.th/dog-breeds/samoyed,"https://www.pedigree.co.th/cdn-cgi/image/format=auto,q=90/sites/g/files/fnmzdf3521/files/2022-04/large_b921df58-3fb7-4e38-9678-7302fa1dc4d0.jpg",กลาง,https://www.pedigree.co.th/our-products/adult-medium-dog-food,https://www.pedigree.co.th/our-products/puppy-medium-dog-food,"สุนัขตระกูลสปิตซ์ขนาดกลางสีขาวของอาร์กติกเหล่านี้มีความแข็งแกร่ง ทรหด มีเสน่ห์ ว่าง่าย สง่างาม และมั่นใจในตัวเอง ซามอยด์ไม่ขี้อาย หรือโดยเฉพาะอย่างยิ่งสงบเสงี่ยมกับคนแปลกหน้า ซึ่งทำให้พวกเขาไม่เหมาะจะเป็นสุนัขเฝ้าบ้าน ซามอยด์เป็นสุนัขที่ฉลาดและค่อนข้างซุกซน ต้องการเจ้าของที่มีประสบการณ์และสามารถยืนยันว่าตนเป็น ""คนสำคัญที่สุด"" ของครอบครัว",แม้ว่าซามอยด์จะเป็นสุนัขที่มีสุขภาพแข็งแรง แต่ขอแนะนำให้พาพวกเค้าไปตรวจสุขภาพเป็นประจำ ไม่ว่าจะอยู่ในช่วงวัยลูกสุนัขหรือช่วงโตเต็มวัย โดยหมั่นเช็กความผิดปกติของสะโพกและข้อเข่า รวมถึงการทำงานของหัวใจและดวงตา,น้องหมาพันธุ์นี้ต้องการอาหารที่มีโปรตีน ไขมันดี วิตามิน และแร่ธาตุในปริมาณที่เหมาะสม ควรเลือกอาหารสุนัขที่มีคุณค่าทางโภชนาการครบถ้วนและสมดุล สามารถให้ขนมเป็นรางวัลระหว่างการฝึกได้ แต่ต้องตรวจสอบให้แน่ใจว่าปริมาณแคลอรีที่ได้รับต่อวันจะไม่มากเกินไป,./Image_col/samoyed/samoyed1.jpg,./Image_col/samoyed/samoy2.jpg,./Image_col/samoyed/samoy_pup.jpg
Saint_Bernard,https://www.pedigree.co.th/dog-breeds/saint-bernard,"https://www.pedigree.co.th/cdn-cgi/image/format=auto,q=90/sites/g/files/fnmzdf3521/files/2022-04/large_4a5a719e-1ed6-4b62-af67-5d8dfcf6b588.jpg",ใหญ่,https://www.pedigree.co.th/our-products/adult-large-dog-food,https://www.pedigree.co.th/our-products/puppy-large-dog-food,พี่หมายักษ์ใหญ่หน้าตาใจดีอย่าง “เซนต์เบอร์นาร์ด” เป็นสุนัขกู้ภัยชื่อดังจากประเทศสวิตเซอร์แลนด์ สุนัขพันธุ์นี้รักเจ้าของมาก เป็นสมาชิกครอบครัวที่ดี พวกเค้าทั้งอ่อนโยนและรักสงบ จึงเข้ากับเด็กน้อยได้เป็นอย่างดี แต่หากต้องการให้อยู่ร่วมกับเพื่อนมะหมาตัวอื่น อาจต้องแนะนำให้รู้จักกันอย่างถูกวิธีและคอยดูแลอย่างใกล้ชิด เมื่อคุ้นเคยกันดีแล้ว พวกเค้าก็จะผูกพันกันไปตลอดชีวิต แม้จะมีขนาดตัวใหญ่ แต่เราสามารถเลี้ยงสุนัขเซนต์เบอร์นาร์ดในอพาร์ทเมนท์ได้ เพียงแต่ต้องระวังเรื่องสภาพอากาศ เพราะพวกเค้าชอบอากาศหนาวเย็น และไม่สามารถทนต่ออากาศร้อนได้,เนื่องจากเป็นสุนัขพันธุ์ใหญ่ เซนต์เบอร์นาร์ดจึงมีแนวโน้มที่จะเกิดปัญหาสุขภาพต่าง ๆ ได้ง่าย เช่น ท้องอืด โรคหัวใจ โรคทางตา โรคข้อสะโพกและข้อศอกเสื่อม คุณอาจไม่สามารถตรวจสอบโรคหัวใจได้ตั้งแต่แรกที่เริ่มรับเลี้ยง แต่สามารถเช็กปัญหาอื่น ๆ อย่างปัญหากระดูกข้อเสื่อมได้,สิ่งสำคัญในการให้อาหารหมาพันธุ์เซนต์เบอร์นาร์ดคือการเลือกอาหารหมาคุณภาพดีและเชื่อถือได้เท่านั้น คุณอาจต้องปรึกษาสัตวแพทย์เพื่อขอคำแนะนำเกี่ยวกับการจัดตารางเวลาให้อาหารหมา เพื่อป้องกันไม่ให้น้องหมาของคุณมีอาการท้องอืดซึ่งอาจเป็นอันตรายถึงชีวิต นอกจากนี้คุณหมอยังช่วยแนะนำเกี่ยวกับคุณค่าทางโภชนาการที่เหมาะสมได้อีกด้วย พี่หมาตัวใหญ่เหล่านี้ไม่กระตือรือร้นมากนักและต้องการการออกกำลังกายในระดับปานกลางเท่านั้น พวกเค้าชอบออกไปเดินเล่นกับคุณทุกวัน ซึ่งเป็นกิจกรรมการออกกำลังกายที่เพียงพอแล้วสำหรับพวกเค้า,./Image_col/saint bernard/saint1.jpg,./Image_col/saint bernard/saint_grow.jpg,./Image_col/saint bernard/saint_pup.jpg
Siberian_husky,https://www.pedigree.co.th/dog-breeds/siberian-husky,"https://www.pedigree.co.th/cdn-cgi/image/format=auto,q=90/sites/g/files/fnmzdf3521/files/2022-04/large_3c2c3c1d-36f3-4802-8be1-23efc665588c.jpg",กลาง,https://www.pedigree.co.th/our-products/adult-medium-dog-food,https://www.pedigree.co.th/our-products/puppy-medium-dog-food,ไซบีเรียน ฮัสกี้เป็นสุนัขที่ตื่นตัว เข้ากับคนง่าย และมีนิสัยอ่อนโยน แม้มีขนาดและรูปร่างหน้าตาเช่นนี้ แต่สุนัขสายพันธุ์นี้ไม่ก้าวร้าวกับสุนัขตัวอื่น ๆ หรือคนเมื่อได้รับการฝึกและรู้จักการเข้าสังคมเป็นอย่างดี ความฉลาด ความนิ่ง และช่างประจบ ทำให้ไซบีเรียน ฮัสกี้เป็นเพื่อนคู่กายที่มีค่าและผู้ช่วยงานที่กระตือรือร้น,ปัญหาสุขภาพที่พบได้ในน้องหมาพันธุ์นี้คือ ปัญหาข้อสะโพกเสื่อมและโรคตา แม้ว่าโดยทั่วไปแล้วพวกเค้าจะมีสุขภาพดี แต่การตรวจสุขภาพและการไปพบสัตวแพทย์เป็นประจำยังคงเป็นสิ่งที่จำเป็น,ไซบีเรียน ฮัสกี้เต็มไปด้วยพลัง ทำให้ต้องการออกกำลังกายเป็นประจำ การเดินเล่นและทำกิจกรรมกลางแจ้งจะช่วยให้พวกเค้าได้ปลดปล่อยพลังงานอย่างเต็มที่ ข้อควรระวังคือเจ้าก้อนขนเหล่านี้อาจเล่นสนุกเกินจนวิ่งหนีหรือหลงทางได้ เจ้าของจึงควรใช้สายจูงเมื่อต้องออกนอกบ้านเสมอ หากปล่อยให้วิ่งเล่นในสวนของคุณ ก็ควรตรวจสอบให้แน่ใจว่ารั้วสูงมากพอและปิดประตูเรียบร้อยดีแล้ว,./Image_col/Siberian husky/husky.jpg,./Image_col/Siberian husky/husky_grow.jpg,./Image_col/Siberian husky/husky_pup.jpg
Boston_bull,https://www.pedigree.co.th/dog-breeds/boston-terrier,"https://www.pedigree.co.th/cdn-cgi/image/format=auto,q=90/sites/g/files/fnmzdf3521/files/2022-04/large_fe98f102-4e81-4b5d-9c73-3f8cbbe2e9ba.jpg",เล็ก,https://www.pedigree.co.th/our-products/adult-small-dog-food,https://www.pedigree.co.th/our-products/puppy-small-dog-food,"บอสตัน เทอร์เรียแสดงออกชัดเจนถึงความมุ่งมั่น ความแข็งแกร่ง ความชอบทำกิจกรรม นอกจากนั้นยังเคลื่อนไหวอย่างอิสระและสง่างาม บอสตัน เทอร์เรียเป็นสุนัขที่ตื่นตัวและใจดี เป็นมิตร เป็นที่รัก และเป็นที่จดจำอย่างง่ายดายจากขนสีดำ-ขาวอันโดดเด่นคล้ายสวม ""ทักซิโด""",สุนัขบอสตัน เทอร์เรียเป็นสุนัขที่แข็งแรงและมีสุขภาพดี แต่ก็มีแนวโน้มที่จะเป็นโรคลมแดด ผู้เลี้ยงจึงต้องระมัดระวังเป็นพิเศษในช่วงหน้าร้อน และด้วยลักษณะดวงตาของพวกเค้า ทำให้เสี่ยงต่ออาการตาแห้ง โรคต้อกระจก โรคเชอร์รี่อาย อีกทั้งมีโอกาสเกิดบาดแผลบริเวณกระจกตาได้ง่าย ส่วนปัญหาสุขภาพอื่น ๆ ที่อาจพบได้ จะมีโรคกระดูกสะบ้าเคลื่อนหลุด ภาวะกระดูกสันหลังโค้ง โรคลมชัก และโรคหูหนวกตั้งแต่กำเนิด,การออกกำลังกายของสุนัขบอสตัน เทอร์เรียแต่ละตัวแตกต่างกัน บางตัวแค่เดินเล่น 1 – 2 รอบต่อวันก็เพียงพอแล้ว แต่บางตัวต้องการเวลาเล่นเพิ่มมากขึ้นเพื่อปลดปล่อยพลังงาน จึงไม่แนะนำให้ปล่อยน้องหมาพันธุ์นี้ใช้เวลาเล่นตามลำพัง พวกเค้าบางตัวอาจนั่ง ๆ นอนๆ โดยไม่ทำอะไรเลย และมันอาจกระตุ้นให้เกิดพฤติกรรมที่ไม่เหมาะสมได้อีกด้วย ทางที่ดีควรชวนพวกเค้าเล่นเกมหรือกิจกรรมที่ต้องเคลื่อนไหวร่างกาย เช่น เล่นคาบของ,./Image_col/Boston_bull/boston.jpg,./Image_col/Boston_bull/boston1.jpg,./Image_col/Boston_bull/boston_pup.jpg
Pomeranian,https://www.pedigree.co.th/dog-breeds/pomeranian,"https://www.pedigree.co.th/cdn-cgi/image/format=auto,q=90/sites/g/files/fnmzdf3521/files/2022-04/large_25e5e55d-289e-48cf-8828-d57801810290.jpg",เล็ก,https://www.pedigree.co.th/our-products/adult-small-dog-food,https://www.pedigree.co.th/our-products/puppy-small-dog-food,มีพละกำลังมากกว่าขนาดตัว ปอมเมอเรเนียนอาจมีขนาดเล็กกว่าบรรพบุรุษที่เป็นสุนัขลากเลื่อน แต่ยังคงมีอุปนิสัยแบบเดิม กล้าหาญ วางโต ไม่กลัวใคร สุนัขเหล่านี้ยังมีความอยากรู้อยากเห็นไม่หยุดหย่อนกับทุกสิ่งรอบตัว ดังนั้น จึงเป็นสุนัขเฝ้าบ้านที่ยอดเยี่ยม ในทางกลับกัน ปอมเมอเรเนียนอาจเป็นสายพันธุ์ที่ชอบเห่า ดังนั้น หากคุณชอบความเงียบสงบ หรือมีเพื่อนบ้านที่มีความรู้สึกไว สายพันธุ์นี้อาจไม่เหมาะสำหรับคุณ,ปัญหาที่พบบ่อยสำหรับสายพันธุ์ปอมเมอเรเนียน คือภาวะที่เรียกว่า Patellar luxation ภาวะนี้ที่เรียกว่า 'ข้อเข่าติด' ในคนคือสภาวะที่กระดูกสะบ้าหัวเข่าในขาหลังเคลื่อนออกจากตำแหน่ง แม้โดยปกติแล้วกระดูกสะบ้าหัวเข่าจะเคลื่อนกลับเข้าตำแหน่งเองได้ แต่ทุกครั้งที่เกิดภาวะนี้จะทำให้เยื่อบุข้อต่อเสียหาย ทำให้เกิดการอักเสบและอาจเจ็บปวดมาก โดยมีอาการต่างๆ เช่น เดินกะเผลกหรือเดิน 'กระโดดข้าม' แบบแปลกๆ ขอแนะนำให้ตรวจกระดูกและกล้ามเนื้อปีละสองครั้งโดยเฉพาะ,ปอมเมอเรเนียนตัวเล็กมากจึงมีความต้องการการออกกำลังกายน้อยกว่าปกติ อย่างไรก็ตาม สุนัขเหล่านี้ยังต้องการเดินวันละครั้ง และที่ดีที่สุดคือวันละสองครั้ง เพื่อให้มีโอกาสยืดขาเล็กๆ และสูดอากาศนอกบ้าน เนื่องจากขนาดที่เล็กของปอมเมอเรเนียน ควรหลีกเลี่ยงสวนสาธารณะที่มีสุนัขหลายสายพันธุ์ เพราะปอมเมอเรเนียนอาจถูกสุนัขที่ตัวโตกว่าชนล้มโดยไม่ตั้งใจ และบางครั้งปอมเมอเรเนียนเองยังอาจไปท้าทายสัตว์ที่ตัวใหญ่กว่า,./Image_col/Pomeranian/pome1.jpg,./Image_col/Pomeranian/pome2.jpg,./Image_col/Pomeranian/pome_pup.jpg
pug,https://www.pedigree.co.th/dog-breeds/pug,"https://www.pedigree.co.th/cdn-cgi/image/format=auto,q=90/sites/g/files/fnmzdf3521/files/2022-04/large_d0214ff3-7c4a-4d27-9948-468b6e97b2cc.jpg",เล็ก,https://www.pedigree.co.th/our-products/adult-small-dog-food,https://www.pedigree.co.th/our-products/puppy-small-dog-food,ปั๊ก ดูเหมือน 'เบบี้ โยดา' ในชีวิตจริง สุนัขสายพันธุ์นี้เป็นที่ต้องการอย่างมาก โดยเฉพาะอย่างยิ่งสำหรับครอบครัว และขึ้นชื่อเรื่องใจเย็นและว่าง่าย เข้ากับเด็กๆ และสัตว์เลี้ยงตัวอื่นได้ดีหลังผ่านการฝึกแล้ว โดยเฉพาะอย่างยิ่งเนื่องจากปั๊กมีนิสัยขี้เล่นและยังเป็นสุนัขตัวน้อยที่ค่อนข้างฉลาดด้วย สุนัขเหล่านี้ยังมีข้อดีจากการเป็นสายพันธุ์ที่ต้องการการดูแลค่อนข้างต่ำ ขนสั้นเรียบลื่นทำให้ดูแลง่าย และต้องการการออกกำลังกายระดับปานกลางเท่านั้น ปั๊กยังเป็นสายพันธุ์ที่ค่อนข้างเงียบและดูเหมือนจะไม่ชอบเห่ามากนัก,สิ่งหนึ่งที่ควรทราบคือ ปัํกมีรูปร่างเตี้ยล่ำและมักจะชอบนั่งๆ นอนๆ อยู่กับที่ จึงอาจทำให้มีน้ำหนักเพิ่มได้ง่าย แต่ไม่ต้องกังวล ตราบใดที่มีการควบคุมอาหารอย่างเหมาะสม และออกกำลังกายเพียงพอ ไม่ใช่เรื่องยากที่จะดูแลให้ปั๊กของคุณมีสุขภาพดีที่สุด โปรดทราบว่า ปั๊กมีอายุขัยเฉลี่ย 12 ถึง 15 ปีซึ่งถือว่ามีอายุยืนยาวอีกด้วย,เนื่องจากเป็นสายพันธุ์ที่ไม่ชอบอะไรมากไปกว่าการได้นั่งแอบอิงเจ้าของบนโซฟา สุนัขเหล่านี้ยังชื่นชอบอาหารด้วย สิ่งสำคัญคือ ปั๊กควรออกกำลังกายทุกวัน ควรใช้เวลาออกกำลังกายไม่เกิน 1 ชั่วโมง ไม่ว่าจะโดยการเดินหรือไปสวนสาธารณะที่มีสุนัขหลายสายพันธุ์ และปั๊กสนุกกับการเล่นเกมในสวนเช่นกัน,./Image_col/pug/pug.jpg,./Image_col/pug/pug2.jpg,./Image_col/pug/pug3.jpg
standard_poodle,https://www.pedigree.co.th/dog-breeds/poodle,"https://www.pedigree.co.th/cdn-cgi/image/format=auto,q=90/sites/g/files/fnmzdf3521/files/2022-04/large_993c14fa-52e4-4491-a5cf-bfd85ea89508.jpg",เล็ก,https://www.pedigree.co.th/our-products/adult-small-dog-food,https://www.pedigree.co.th/our-products/puppy-small-dog-food,หากคุณต้องการเลี้ยงพุดเดิ้ล การทำความเข้าใจลักษณะเฉพาะตัวของพวกเค้าเป็นสิ่งสำคัญมาก โดยสุนัขพุดเดิ้ลมีความเฉลียวฉลาด คล่องแคล่ว สนุกสนาน และฝึกได้ง่าย วางใจได้เลยว่าพวกเค้าจะเข้ากับสมาชิกในครอบครัวได้เป็นอย่างดี ถึงแม้ว่าน้องหมาพันธุ์นี้จะเป็นมิตรกับเด็ก แต่กับสัตว์เลี้ยงชนิดอื่น อาจต้องฝึกเข้าสังคมให้พวกเค้าตั้งแต่เนิ่นๆ,สิ่งหนึ่งที่คุณจะได้จากการเลี้ยงพุดเดิ้ลคือเพื่อนที่ซื่อสัตย์ แต่อาจต้องให้ความสนใจเพื่อนตัวนี้กันมากหน่อย พวกเค้าอาจเห่าเมื่อรู้สึกว่าถูกละเลย และเช่นเดียวกับสุนัขพันธุ์อื่น ๆ พุดเดิ้ลก็พร้อมปกป้องคนที่รักอยู่เสมอ,พุดเดิ้ลทุกขนาดมีความแอคทีฟสูง พวกเค้าจำเป็นต้องออกกำลังกายเป็นประจำ อย่างน้อยวันละ 1 ชั่วโมง เพื่อป้องกันโรคอ้วนและปัญหาสุขภาพอื่น ๆ น้องหมาเหล่านี้ชื่นชอบการทำกิจกรรมทุกรูปแบบ ทั้งการเล่นคาบกิ่งไม้และการว่ายน้ำซึ่งเป็นกิจกรรมสุดโปรด,./Image_col/standard_poodle/poodle1.jpg,./Image_col/standard_poodle/poodle2.jpg,./Image_col/standard_poodle/poodle_pup.jpg
Maltese_dog,https://www.pedigree.co.th/dog-breeds/maltese,"https://www.pedigree.co.th/cdn-cgi/image/format=auto,q=90/sites/g/files/fnmzdf3521/files/2022-04/large_491f81c2-a286-4d2a-b736-b00d44ebde92.jpg",เล็ก,https://www.pedigree.co.th/our-products/adult-small-dog-food,https://www.pedigree.co.th/our-products/puppy-small-dog-food,แม้มีขนาดเล็ก แต่สัตว์ตัวน้อยที่กล้าหาญเหล่านี้ค่อนข้างมั่นใจและไม่หวั่นไหวง่าย อันที่จริง มอลทีสอาจดื้อรั้นบ้างในบางครั้งด้วยซ้ำ ดังนั้น คลาสการฝึกแต่เนิ่นๆ จะเป็นประโยชน์ในเรื่องนี้ มอลทีสฉลาดมาก เรียนรู้ได้อย่างรวดเร็ว นอกจากนั้นยังเป็นสุนัขเฝ้าบ้านที่ดี อย่างน้อยก็ในแง่การเห่า ไม่ใช่พฤติกรรมทางกายภาพ สิ่งที่ขาดหายไปในเรื่องขนาดสำหรับสุนัขเหล่านี้ได้รับการชดเชยด้วยทัศนคติ,เนื่องจากมีขนาดเล็ก จึงไม่แนะนำมอลทีสสำหรับบ้านที่มีเด็กวัยหัดเดินหรือเด็กที่เล็กมาก โดยเฉพาะอย่างยิ่ง เนื่องจากมอลทีสอาจช่างเห่าเล็กน้อยในบางครั้ง สุนัขเหล่านี้ยังไม่ชอบถูกทิ้งให้อยู่ตามลำพังเป็นเวลานาน จึงเหมาะที่สุดสำหรับผู้ที่อยู่ที่บ้านในระหว่างวันหรือพาสุนัขไปทำงานด้วย,เพื่อให้สุนัขยังคงมีสุขภาพดีและมีความสุข สุนัขควรมีการเดินเล่นในระยะสั้นๆ ทุกวันหรือทุกสองวัน นั่นก็เพียงพอแล้ว อย่างไรก็ตาม ควรมีกิจกรรมเสริมเป็นการเล่นและการเล่นเกมเป็นประจำ เนื่องจากมอลทีสเป็นสายพันธุ์ที่ฉลาดและต้องการการกระตุ้นสมอง กิจกรรมนี้จะช่วยเบี่ยงเบนความสนใจไม่ให้สุนัขเห่ามากเกินไป,./Image_col/Maltese_dog/maltese1.jpg,./Image_col/Maltese_dog/maltese2.jpg,./Image_col/Maltese_dog/maltese3.jpg
Labrador_retriever,https://www.pedigree.co.th/dog-breeds/labrador,"https://www.pedigree.co.th/cdn-cgi/image/format=auto,q=90/sites/g/files/fnmzdf3521/files/2022-04/large_86eb9121-aaf1-426c-a367-b61574b81163.jpg",ใหญ่,https://www.pedigree.co.th/our-products/adult-large-dog-food,https://www.pedigree.co.th/our-products/puppy-large-dog-food,สุนัขพันธุ์ลาบราดอร์ รีทรีฟเวอร์ ไม่ใช่สุนัขที่ชอบนั่งๆ นอนๆ อยู่กับที่ จะว่ายน้ำ จะเล่นสนุก เอ๊ะ! เมื่อกี้มีใครบอกให้ไปคาบของนะ หรือจะเดินเล่นไกลๆ กับมนุษย์คนโปรด จะกิจกรรมอะไรลาบราดอร์ก็พร้อมเสมอ ซึ่งรวมถึงการฝึกด้วย เพราะความฉลาดที่ได้มาโดยธรรมชาติ การฝึกสุนัขพันธุ์นี้จึงเป็นการลงแรงที่สนุกสนานเสมอ ด้วยนิสัยที่ลงตัวแต่แฝงไปด้วยความขี้เล่น สุนัขพันธุ์ลาบราดอร์ส่วนใหญ่จึงเข้ากับเด็กได้เป็นอย่างดีหลังได้รับการฝึก ลักษณะของลาบราดอร์ที่มักได้รับการฝึกเป็นสุนัขบำบัด หมายความว่าสุนัขสายพันธุ์นี้เหมาะสมอย่างยิ่งในการเป็นสัตว์บริการช่วยเหลือ นอกจากนั้นลาบราดอร์ยังมีมารยาทที่ดีเยี่ยมอีกด้วย,สิ่งสำคัญที่ควรทราบคือสายพันธุ์นี้มีแรงจูงใจที่สำคัญอยู่อย่างหนึ่งคือ ความชอบกินอาหาร และนั่นทำให้การรักษาน้ำหนักที่เหมาะสมของลาบราดอร์ รีทรีฟเวอร์เป็นเรื่องท้าทายกว่าการรักษาน้ำหนักของสุนัขสายพันธุ์อื่นๆ แต่โภชนาการที่สมดุลและเหมาะกับลาบราดอร์โดยเฉพาะ การออกกำลังกายเป็นประจำ รวมถึงสัตวแพทย์ดีๆ สักคน สามารถช่วยให้สุนัขของคุณมีสุขภาพดีและมีความสุขได้แน่นอน,ลาบราดอร์ รีทรีฟเวอร์เป็นที่รู้จักในเรื่องอุปนิสัยที่เป็นมิตรและใจดี สายพันธุ์นี้สามารถปรับตัว เข้ากับแทบทุกสภาพความเป็นอยู่ได้อย่างยอดเยี่ยม หากคุณเลี้ยงเป็นสุนัขในครอบครัว ลาบราดอร์จะอดทนรอให้เด็ก ๆ กลับมาจากโรงเรียนก่อน แล้วจึงจะวิ่งอย่างตื่นเต้นออกไปเล่นด้วยในสวน แม้ว่าลาบราดอร์จะเห่าเมื่อได้ยินเสียงแปลกๆ หรือเสียงดัง แต่สุนัขสายพันธุ์นี้ไม่ใช่สุนัขเฝ้ายามที่ดีนัก เพราะเมื่อผ่านการฝึกเข้าสังคม ความก้าวร้าวจะลดลงและจะไม่ทำร้ายคนและสัตว์เลี้ยงอื่นๆ เลย,./Image_col/Labrador_retriever/labador1.jpg,./Image_col/Labrador_retriever/labador2.jpg,./Image_col/Labrador_retriever/labador_pup.jpg
West_Highland_white_terrier,https://www.pedigree.co.th/dog-breeds/west-highland-white-terrier,"https://www.pedigree.co.th/cdn-cgi/image/format=auto,q=90/sites/g/files/fnmzdf3521/files/2022-04/large_963cc213-2401-40d5-8add-aa8b9ae4d92c.jpg",เล็ก,https://www.pedigree.co.th/our-products/adult-small-dog-food,https://www.pedigree.co.th/our-products/puppy-small-dog-food,เวสต์ ไฮแลนด์ ไวท์ ที่มีบุคลิกที่หลากหลาย เข้ากับคนง่าย เป็นมิตร และฉลาด อีกทั้งยังมีความคิดเป็นของตัวเอง นิสัยเหล่านี้ทำให้การฝึกเทอร์เรียท้าทายขึ้นเล็กน้อย แต่ด้วยความอดทน และขนมสุนัขเพื่อสุขภาพเพียงไม่กี่ชิ้น การฝึกสุนัขก็สำเร็จได้,เมื่ออยู่ในอาณาเขตของตัวเอง สุนัขจะหวงพื้นที่นั้น สุนัขเวสต์ ไฮแลนด์ ไวท์ เทอร์เรีย จะเห่าอย่างรวดเร็วเมื่อมีคนแปลกหน้าเข้ามา ซึ่งหมายความว่าสุนัขทำหน้าที่เป็นสุนัขผู้พิทักษ์ที่ดี แม้ว่าจะไม่ค่อยเหมาะกับสภาพแวดล้อมที่ต้องระวังเรื่องเสียงรบกวน,เวสต์ ไฮแลนด์ ไวท์ เทอร์เรียเป็นสายพันธุ์ที่มีพละกำลังสูงมาก เวสตี้ต้องการการออกกำลังกายในระดับที่เหมาะสม ทุกวัน อย่างน้อย 30 นาที และไม่ควรเกิน 1 ชั่วโมง สายพันธุ์นี้เป็นมิตรและเข้ากับคนง่ายมาก และยังชอบการเล่นต่างๆ ไล่จับลูกบอล และพบปะกับสุนัขตัวอื่น เนื่องจากสัญชาตญาณในการล่าสัตว์โดยกำเนิดของเวสตี้ จึงต้องระมัดระวังอย่างมากหากไม่ได้ใส่สายจูง,./Image_col/West_Highland_white_terrier/West_Highland_white_terrier 1.jpg,./Image_col/West_Highland_white_terrier/West_Highland_white_terrier 2.jpg,./Image_col/West_Highland_white_terrier/West_Highland_white_terrier 3.jpg
malamute,https://www.pedigree.co.th/dog-breeds/alaskan-malamute,"https://www.pedigree.co.th/cdn-cgi/image/format=auto,q=90/sites/g/files/fnmzdf3521/files/2022-04/large_a6b9635e-1a6f-4b6f-ad0f-60643d576aaf.jpg",ใหญ่,https://www.pedigree.co.th/our-products/adult-large-dog-food,https://www.pedigree.co.th/our-products/puppy-large-dog-food,อลาสกัน มาลามิวท์ มีความเป็นมิตร ฉลาด และรักที่จะอยู่กับผู้คน เหตุนี้จึงทำให้พวกเค้าไม่สามารถฝึกให้เป็นสุนัขอารักขา หรือฝึกให้โจมตีได้ แต่อย่างไรก็เป็นสุนัขที่มีความมีความมุ่งมั่น มีสมาธิ ทำให้สามารถฝึกให้เชื่อฟังคำสั่งต่าง ๆ ได้ สำหรับ อลาสกัน มาลามิวท์ ถ้าพวกเค้าตัดสินใจไล่ล่าบางอย่าง พวกเค้าก็จะจดจ่อ มุ่งมั่นเสมอ,อลาสกัน มาลามิวท์ เป็นสุนัขที่ตัวใหญ่และแข็งแรง ทำให้เด็กหรือผู้สูงอายุควบคุมสุนัขเหล่านี้ได้ยาก รวมถึงอลาสกัน มาลามิวท์ ยังเป็นสุนัขที่ไม่ค่อยเห่า แต่จะส่งเสียงหอน คำรามที่ดูน่าเกรงขาม ,อลาสกัน มาลามิวท์ มีพลังงานสูงจึงต้องการการออกกำลังกายเป็นอย่างมาก ควรออกกำลังกายเป็นประจำทุกวันเพื่อสุขภาพร่างกายและจิตใจ โดยอาจจะออกกำลังกายในสวน แต่ก็ต้องมีรั้วรอบขอบชิดเพื่อความปลอดภัย และพวกเค้ายังเป็นสุนัขที่มีร่างกายที่แข็งแกร่งและทนต่อความหนาวเย็นจัดได้เป็นอย่างดี แต่ไม่ทนกับสภาพอากาศร้อนจัด ในช่วงหน้าร้อนต้องคอยระมัดระวังเป็นพิเศษ และควรให้น้ำดื่มสะอาดและคอยให้อยู่ในร่มเงาเสมอ อลาสกัน มาลามิวท์ ต้องการอาหารในปริมาณน้อย และเป็นสายพันธุ์ที่ขนหลุดร่วงตลอดเวลา ทำให้มักพบขนของพวกเค้าร่วงอยู่บนเฟอร์นิเจอร์ รถยนต์ หรือติดตามเสื้อผ้า จะมีการผลัดขน 1-2 ครั้งต่อปี ,./Image_col/malmute/n02110063_10965.jpg,./Image_col/malmute/n02110063_11034.jpg,./Image_col/malmute/n02110063_12294.jpg